<?xml version="1.0"?>
<pagescount>
	<html_total>4</html_total>
	<html_done>3</html_done>
	<img>39</img>
	<js>15</js>
	<css>14</css>
	<pdf/>
	<doc/>
	<xls/>
	<ppt/>
	<swf/>
	<mp3/>
	<mp4/>
	<xml/>
	<json/>
	<txt/>
	<fonts>20</fonts>
	<scraping_reload>1</scraping_reload>
	<is_pretty_url>false</is_pretty_url>
	<is_ebn>false</is_ebn>
	<theme_name>396318</theme_name>
	<server_url_front_page>https://www6.waybackmachinedownloader.com/wdo/files/demo/nooruddinsaheb.000webhostapp.com_nooruddinsaheb_gmail.com_fjxdh1t87t/</server_url_front_page>
	<no_www_url>nooruddinsaheb.000webhostapp.com</no_www_url>
	<hosted_domain/>
	<original_archive_url>http://nooruddinsaheb.000webhostapp.com/</original_archive_url>
	<final_archive_url>http://nooruddinsaheb.000webhostapp.com/</final_archive_url>
	<front_page_code_date/>
	<total_urls_from_api/>
	<search_url_added>false</search_url_added>
	<total_size>36440</total_size>
</pagescount>
